{"N_0": 0.22064189337829798, "Delta": 0.29658828992282166, "h": 0.12299560462342182, "tau_sf_inv": 0.07769048414763817, "tau_so_inv": 0.13884729352640318, "Gamma": 0.0009799873096654327, "T": 0.018354083772027057}